user_id,name,join_time,status,last_active_time
u0001,User1,2025-06-16 07:59:34,Deleted,2025-10-01 07:59:34
u0002,User2,2025-10-31 07:59:34,New,2025-12-06 07:59:34
u0003,User3,2025-07-11 07:59:34,Returning,2025-12-05 07:59:34
u0004,User4,2025-07-14 07:59:34,Deleted,2025-07-14 07:59:34
u0005,User5,2025-10-28 07:59:34,Returning,2026-04-08 07:59:34
u0006,User6,2025-10-12 07:59:34,Returning,2025-11-09 07:59:34
u0007,User7,2025-09-28 07:59:34,New,2026-03-04 07:59:34
u0008,User8,2025-07-13 07:59:34,Deleted,2025-10-04 07:59:34
u0009,User9,2025-06-29 07:59:34,Deleted,2025-09-30 07:59:34
u0010,User10,2025-10-19 07:59:34,Returning,2025-12-29 07:59:34
u0011,User11,2025-05-25 07:59:34,New,2025-06-27 07:59:34
u0012,User12,2025-09-10 07:59:34,Deleted,2025-09-20 07:59:34
u0013,User13,2025-05-30 07:59:34,New,2025-08-17 07:59:34
u0014,User14,2025-08-13 07:59:34,New,2025-08-16 07:59:34
u0015,User15,2025-06-18 07:59:34,New,2025-10-05 07:59:34
u0016,User16,2025-09-21 07:59:34,Deleted,2026-03-16 07:59:34
u0017,User17,2025-05-22 07:59:34,Returning,2025-10-28 07:59:34
u0018,User18,2025-06-15 07:59:34,Returning,2025-10-12 07:59:34
u0019,User19,2025-08-19 07:59:34,Returning,2026-01-26 07:59:34
u0020,User20,2025-07-11 07:59:34,New,2025-07-17 07:59:34
u0021,User21,2025-10-11 07:59:34,New,2025-11-24 07:59:34
u0022,User22,2025-06-11 07:59:34,Deleted,2025-11-18 07:59:34
u0023,User23,2025-10-31 07:59:34,New,2025-12-15 07:59:34
u0024,User24,2025-09-21 07:59:34,Deleted,2026-02-17 07:59:34
u0025,User25,2025-07-03 07:59:34,Returning,2025-10-17 07:59:34
u0026,User26,2025-06-19 07:59:34,New,2025-08-26 07:59:34
u0027,User27,2025-09-28 07:59:34,Returning,2025-10-14 07:59:34
u0028,User28,2025-07-19 07:59:34,Deleted,2025-08-12 07:59:34
u0029,User29,2025-11-04 07:59:34,Returning,2026-03-14 07:59:34
u0030,User30,2025-06-13 07:59:34,Returning,2025-08-27 07:59:34
u0031,User31,2025-07-18 07:59:34,Returning,2025-12-19 07:59:34
u0032,User32,2025-08-21 07:59:34,Deleted,2026-01-14 07:59:34
u0033,User33,2025-07-14 07:59:34,Returning,2025-08-05 07:59:34
u0034,User34,2025-09-15 07:59:34,Deleted,2025-12-06 07:59:34
u0035,User35,2025-10-17 07:59:34,Deleted,2026-03-14 07:59:34
u0036,User36,2025-06-25 07:59:34,New,2025-11-18 07:59:34
u0037,User37,2025-07-03 07:59:34,Deleted,2025-10-31 07:59:34
u0038,User38,2025-06-15 07:59:34,Returning,2025-07-01 07:59:34
u0039,User39,2025-09-15 07:59:34,New,2025-12-22 07:59:34
u0040,User40,2025-06-02 07:59:34,Deleted,2025-10-08 07:59:34
u0041,User41,2025-05-22 07:59:34,Deleted,2025-10-21 07:59:34
u0042,User42,2025-08-15 07:59:34,Returning,2025-08-17 07:59:34
u0043,User43,2025-08-20 07:59:34,Returning,2026-02-09 07:59:34
u0044,User44,2025-09-11 07:59:34,Deleted,2025-12-20 07:59:34
u0045,User45,2025-09-15 07:59:34,New,2026-03-08 07:59:34
u0046,User46,2025-10-16 07:59:34,Deleted,2026-01-22 07:59:34
u0047,User47,2025-08-03 07:59:34,New,2025-09-21 07:59:34
u0048,User48,2025-05-12 07:59:34,Deleted,2025-11-07 07:59:34
u0049,User49,2025-07-17 07:59:34,New,2025-10-17 07:59:34
u0050,User50,2025-10-12 07:59:34,Returning,2026-03-30 07:59:34
u0051,User51,2025-05-11 07:59:34,New,2025-09-24 07:59:34
u0052,User52,2025-10-08 07:59:34,Deleted,2026-03-23 07:59:34
u0053,User53,2025-06-03 07:59:34,Deleted,2025-08-13 07:59:34
u0054,User54,2025-08-19 07:59:34,Deleted,2025-12-26 07:59:34
u0055,User55,2025-05-15 07:59:34,New,2025-07-02 07:59:34
u0056,User56,2025-05-28 07:59:34,Deleted,2025-06-28 07:59:34
u0057,User57,2025-07-24 07:59:34,Deleted,2025-08-12 07:59:34
u0058,User58,2025-05-25 07:59:34,Returning,2025-06-02 07:59:34
u0059,User59,2025-10-05 07:59:34,Returning,2026-03-27 07:59:34
u0060,User60,2025-09-06 07:59:34,Deleted,2025-12-17 07:59:34
u0061,User61,2025-06-09 07:59:34,Deleted,2025-09-21 07:59:34
u0062,User62,2025-09-23 07:59:34,Deleted,2026-02-02 07:59:34
u0063,User63,2025-05-25 07:59:34,New,2025-07-15 07:59:34
u0064,User64,2025-07-19 07:59:34,New,2025-11-01 07:59:34
u0065,User65,2025-06-24 07:59:34,New,2025-08-05 07:59:34
u0066,User66,2025-10-04 07:59:34,Returning,2026-01-20 07:59:34
u0067,User67,2025-06-05 07:59:34,Deleted,2025-06-20 07:59:34
u0068,User68,2025-05-21 07:59:34,Deleted,2025-08-17 07:59:34
u0069,User69,2025-07-16 07:59:34,Deleted,2025-10-19 07:59:34
u0070,User70,2025-08-26 07:59:34,Deleted,2026-01-11 07:59:34
u0071,User71,2025-10-29 07:59:34,New,2026-02-21 07:59:34
u0072,User72,2025-09-19 07:59:34,Deleted,2026-03-02 07:59:34
u0073,User73,2025-08-13 07:59:34,New,2025-11-10 07:59:34
u0074,User74,2025-08-24 07:59:34,New,2025-11-26 07:59:34
u0075,User75,2025-06-14 07:59:34,Deleted,2025-07-05 07:59:34
u0076,User76,2025-08-15 07:59:34,Deleted,2025-09-03 07:59:34
u0077,User77,2025-07-03 07:59:34,New,2025-10-26 07:59:34
u0078,User78,2025-06-02 07:59:34,Returning,2025-07-31 07:59:34
u0079,User79,2025-08-13 07:59:34,Returning,2025-12-23 07:59:34
u0080,User80,2025-07-27 07:59:34,New,2026-01-05 07:59:34
u0081,User81,2025-07-25 07:59:34,Deleted,2025-11-17 07:59:34
u0082,User82,2025-08-18 07:59:34,New,2025-11-13 07:59:34
u0083,User83,2025-09-17 07:59:34,New,2025-10-10 07:59:34
u0084,User84,2025-10-16 07:59:34,Deleted,2026-03-23 07:59:34
u0085,User85,2025-07-26 07:59:34,Returning,2025-10-16 07:59:34
u0086,User86,2025-10-25 07:59:34,New,2025-10-26 07:59:34
u0087,User87,2025-09-09 07:59:34,Deleted,2026-01-26 07:59:34
u0088,User88,2025-08-23 07:59:34,Deleted,2025-11-07 07:59:34
u0089,User89,2025-10-04 07:59:34,New,2026-03-06 07:59:34
u0090,User90,2025-10-07 07:59:34,Returning,2026-01-06 07:59:34
u0091,User91,2025-05-27 07:59:34,Deleted,2025-07-08 07:59:34
u0092,User92,2025-09-03 07:59:34,Deleted,2025-11-04 07:59:34
u0093,User93,2025-08-19 07:59:34,Deleted,2026-01-19 07:59:34
u0094,User94,2025-06-07 07:59:34,Deleted,2025-08-22 07:59:34
u0095,User95,2025-09-09 07:59:34,Deleted,2025-09-22 07:59:34
u0096,User96,2025-09-04 07:59:34,Deleted,2026-01-31 07:59:34
u0097,User97,2025-07-11 07:59:34,New,2025-12-02 07:59:34
u0098,User98,2025-07-14 07:59:34,Returning,2025-11-27 07:59:34
u0099,User99,2025-10-22 07:59:34,Deleted,2025-11-03 07:59:34
u0100,User100,2025-09-17 07:59:34,Returning,2025-11-08 07:59:34
