date,daily_active_users,new_users,returning_users,deleted_users
2025-11-05,769,56,219,19
2025-11-04,541,52,228,15
2025-11-03,574,54,216,17
2025-11-02,460,58,228,1
2025-11-01,440,36,66,20
2025-10-31,769,57,198,8
2025-10-30,629,63,154,15
2025-10-29,298,91,141,20
2025-10-28,716,31,106,1
2025-10-27,459,44,65,6
2025-10-26,217,41,290,18
2025-10-25,394,50,175,20
2025-10-24,254,70,224,13
2025-10-23,213,94,241,18
2025-10-22,738,57,162,0
2025-10-21,541,27,91,6
2025-10-20,621,83,270,4
2025-10-19,465,96,245,18
2025-10-18,794,70,236,0
2025-10-17,530,64,151,8
2025-10-16,791,89,191,14
2025-10-15,357,47,86,19
2025-10-14,481,48,212,19
2025-10-13,255,26,154,1
2025-10-12,467,33,205,20
2025-10-11,582,77,268,0
2025-10-10,550,90,225,18
2025-10-09,603,22,150,7
2025-10-08,223,22,212,5
2025-10-07,632,71,84,0
2025-10-06,529,92,180,1
2025-10-05,348,94,111,6
2025-10-04,333,68,145,7
2025-10-03,750,78,195,14
2025-10-02,222,77,273,17
2025-10-01,260,87,208,12
2025-09-30,724,30,116,11
2025-09-29,317,82,81,10
2025-09-28,620,51,174,1
2025-09-27,562,56,210,1
2025-09-26,355,90,247,0
2025-09-25,784,94,88,4
2025-09-24,588,28,73,20
2025-09-23,535,22,194,18
2025-09-22,224,42,138,5
2025-09-21,446,35,220,2
2025-09-20,249,99,269,19
2025-09-19,245,36,118,1
2025-09-18,457,50,109,13
2025-09-17,490,77,119,5
2025-09-16,363,23,246,14
2025-09-15,601,28,79,18
2025-09-14,798,80,86,7
2025-09-13,276,28,168,17
2025-09-12,466,86,71,8
2025-09-11,349,81,147,10
2025-09-10,385,63,146,6
2025-09-09,223,81,140,6
2025-09-08,376,56,121,1
2025-09-07,320,58,100,17
