user_id,session_start,session_duration_minutes,device,entry_screen,exit_screen
u0001,2025-10-22 07:59:34,6,Desktop,Search,Profile
u0001,2025-10-09 07:59:34,68,Desktop,Explore,Profile
u0001,2025-10-22 07:59:34,113,Mobile,Explore,Settings
u0002,2025-10-07 07:59:34,98,Desktop,Search,Profile
u0002,2025-11-04 07:59:34,35,Desktop,Explore,Profile
u0002,2025-11-05 07:59:34,42,Mobile,Home,Logout
u0002,2025-10-30 07:59:34,57,Desktop,Explore,Logout
u0002,2025-10-15 07:59:34,117,Desktop,Explore,Settings
u0002,2025-10-10 07:59:34,111,Mobile,Home,Logout
u0002,2025-10-21 07:59:34,9,Mobile,Home,Profile
u0002,2025-10-29 07:59:34,78,Mobile,Explore,Settings
u0003,2025-10-30 07:59:34,72,Mobile,Search,Profile
u0003,2025-10-30 07:59:34,95,Mobile,Explore,Profile
u0003,2025-10-16 07:59:34,99,Desktop,Search,Logout
u0003,2025-10-30 07:59:34,67,Desktop,Explore,Settings
u0003,2025-11-02 07:59:34,31,Mobile,Home,Logout
u0003,2025-10-08 07:59:34,107,Desktop,Explore,Profile
u0003,2025-11-02 07:59:34,25,Mobile,Explore,Logout
u0003,2025-11-02 07:59:34,48,Mobile,Search,Logout
u0003,2025-10-13 07:59:34,12,Desktop,Home,Profile
u0004,2025-10-12 07:59:34,76,Desktop,Explore,Logout
u0004,2025-10-19 07:59:34,36,Desktop,Search,Settings
u0004,2025-10-20 07:59:34,120,Mobile,Home,Settings
u0004,2025-10-14 07:59:34,38,Desktop,Home,Profile
u0004,2025-10-31 07:59:34,59,Desktop,Search,Logout
u0004,2025-10-08 07:59:34,34,Desktop,Home,Profile
u0005,2025-10-23 07:59:34,19,Mobile,Explore,Profile
u0005,2025-11-03 07:59:34,103,Mobile,Explore,Profile
u0005,2025-10-06 07:59:34,114,Desktop,Explore,Settings
u0005,2025-11-03 07:59:34,39,Mobile,Home,Logout
u0005,2025-10-19 07:59:34,71,Desktop,Search,Logout
u0005,2025-10-28 07:59:34,115,Desktop,Search,Settings
u0005,2025-10-25 07:59:34,9,Desktop,Home,Logout
u0005,2025-10-28 07:59:34,54,Desktop,Home,Logout
u0005,2025-10-28 07:59:34,81,Desktop,Explore,Profile
u0006,2025-10-23 07:59:34,58,Mobile,Search,Settings
u0006,2025-10-30 07:59:34,71,Mobile,Explore,Settings
u0006,2025-10-24 07:59:34,101,Desktop,Search,Profile
u0006,2025-10-15 07:59:34,70,Mobile,Home,Settings
u0006,2025-10-19 07:59:34,71,Desktop,Explore,Profile
u0006,2025-10-25 07:59:34,94,Desktop,Search,Settings
u0006,2025-11-02 07:59:34,17,Desktop,Home,Settings
u0006,2025-10-14 07:59:34,72,Mobile,Explore,Profile
u0007,2025-10-15 07:59:34,36,Mobile,Home,Logout
u0007,2025-10-13 07:59:34,120,Desktop,Home,Logout
u0007,2025-11-05 07:59:34,29,Desktop,Home,Settings
u0007,2025-10-18 07:59:34,96,Mobile,Explore,Logout
u0007,2025-10-18 07:59:34,98,Mobile,Home,Profile
u0008,2025-10-19 07:59:34,44,Desktop,Search,Settings
u0008,2025-10-31 07:59:34,75,Desktop,Home,Logout
u0008,2025-10-24 07:59:34,108,Mobile,Home,Profile
u0008,2025-10-26 07:59:34,58,Mobile,Search,Profile
u0008,2025-10-08 07:59:34,54,Mobile,Search,Settings
u0009,2025-10-13 07:59:34,116,Desktop,Search,Logout
u0009,2025-10-30 07:59:34,54,Mobile,Search,Profile
u0009,2025-10-11 07:59:34,66,Mobile,Search,Logout
u0009,2025-10-17 07:59:34,43,Desktop,Explore,Logout
u0009,2025-10-09 07:59:34,62,Desktop,Home,Logout
u0009,2025-11-03 07:59:34,26,Mobile,Explore,Settings
u0010,2025-10-06 07:59:34,16,Desktop,Home,Profile
u0010,2025-10-24 07:59:34,42,Mobile,Explore,Logout
u0010,2025-10-17 07:59:34,88,Desktop,Home,Profile
u0010,2025-10-08 07:59:34,61,Desktop,Explore,Profile
u0010,2025-10-18 07:59:34,56,Desktop,Search,Logout
u0010,2025-10-09 07:59:34,48,Mobile,Search,Settings
u0010,2025-11-02 07:59:34,26,Desktop,Search,Settings
u0010,2025-10-23 07:59:34,50,Mobile,Explore,Logout
u0010,2025-10-15 07:59:34,71,Desktop,Search,Profile
u0011,2025-10-14 07:59:34,25,Mobile,Explore,Settings
u0011,2025-10-22 07:59:34,95,Mobile,Explore,Settings
u0011,2025-10-08 07:59:34,10,Desktop,Search,Settings
u0011,2025-10-08 07:59:34,97,Desktop,Explore,Settings
u0012,2025-11-02 07:59:34,63,Mobile,Home,Logout
u0012,2025-11-03 07:59:34,33,Mobile,Search,Logout
u0012,2025-10-27 07:59:34,82,Desktop,Home,Settings
u0012,2025-10-21 07:59:34,54,Mobile,Search,Profile
u0012,2025-10-17 07:59:34,41,Desktop,Search,Profile
u0012,2025-10-21 07:59:34,7,Mobile,Home,Settings
u0012,2025-10-15 07:59:34,77,Mobile,Explore,Profile
u0013,2025-10-19 07:59:34,7,Desktop,Search,Settings
u0013,2025-11-04 07:59:34,79,Desktop,Search,Logout
u0013,2025-10-28 07:59:34,55,Mobile,Explore,Profile
u0013,2025-10-11 07:59:34,57,Mobile,Home,Logout
u0014,2025-10-17 07:59:34,114,Desktop,Search,Settings
u0014,2025-10-30 07:59:34,65,Desktop,Home,Settings
u0014,2025-11-02 07:59:34,37,Desktop,Explore,Logout
u0014,2025-10-22 07:59:34,15,Desktop,Explore,Profile
u0014,2025-10-20 07:59:34,106,Desktop,Explore,Settings
u0014,2025-11-02 07:59:34,13,Mobile,Explore,Logout
u0014,2025-10-27 07:59:34,100,Mobile,Search,Profile
u0015,2025-10-24 07:59:34,110,Desktop,Home,Settings
u0015,2025-10-25 07:59:34,8,Mobile,Search,Profile
u0015,2025-10-31 07:59:34,69,Mobile,Explore,Settings
u0015,2025-10-26 07:59:34,45,Mobile,Explore,Settings
u0015,2025-10-29 07:59:34,89,Desktop,Explore,Settings
u0015,2025-10-24 07:59:34,52,Desktop,Home,Settings
u0015,2025-10-23 07:59:34,6,Desktop,Home,Profile
u0015,2025-10-24 07:59:34,80,Mobile,Home,Logout
u0015,2025-10-06 07:59:34,55,Mobile,Home,Profile
u0016,2025-11-05 07:59:34,17,Desktop,Home,Profile
u0016,2025-10-28 07:59:34,85,Mobile,Home,Logout
u0016,2025-10-19 07:59:34,83,Desktop,Explore,Profile
u0016,2025-10-08 07:59:34,62,Mobile,Explore,Settings
u0016,2025-10-31 07:59:34,58,Desktop,Home,Profile
u0016,2025-10-07 07:59:34,31,Mobile,Explore,Settings
u0016,2025-10-06 07:59:34,115,Mobile,Search,Profile
u0016,2025-10-17 07:59:34,47,Mobile,Search,Logout
u0016,2025-11-01 07:59:34,85,Desktop,Search,Logout
u0017,2025-10-09 07:59:34,51,Desktop,Home,Settings
u0017,2025-10-30 07:59:34,95,Desktop,Search,Settings
u0017,2025-10-30 07:59:34,40,Desktop,Explore,Settings
u0017,2025-10-23 07:59:34,110,Mobile,Home,Profile
u0017,2025-10-08 07:59:34,6,Desktop,Home,Logout
u0017,2025-10-14 07:59:34,111,Mobile,Explore,Profile
u0018,2025-10-18 07:59:34,65,Mobile,Home,Settings
u0018,2025-10-24 07:59:34,26,Mobile,Explore,Logout
u0018,2025-10-10 07:59:34,7,Desktop,Search,Logout
u0019,2025-10-07 07:59:34,16,Desktop,Search,Profile
u0019,2025-10-23 07:59:34,47,Mobile,Explore,Profile
u0019,2025-10-11 07:59:34,114,Mobile,Home,Settings
u0019,2025-10-11 07:59:34,61,Desktop,Explore,Logout
u0019,2025-11-02 07:59:34,77,Desktop,Search,Logout
u0019,2025-10-25 07:59:34,71,Desktop,Explore,Logout
u0019,2025-10-20 07:59:34,113,Mobile,Explore,Logout
u0020,2025-10-11 07:59:34,26,Desktop,Explore,Profile
u0020,2025-11-04 07:59:34,46,Mobile,Search,Logout
u0020,2025-10-29 07:59:34,111,Mobile,Search,Logout
u0020,2025-10-06 07:59:34,27,Desktop,Explore,Logout
u0020,2025-10-16 07:59:34,22,Desktop,Home,Logout
u0021,2025-10-11 07:59:34,90,Desktop,Home,Profile
u0021,2025-10-30 07:59:34,14,Mobile,Explore,Logout
u0021,2025-11-05 07:59:34,116,Mobile,Home,Settings
u0021,2025-10-21 07:59:34,68,Desktop,Explore,Profile
u0021,2025-10-17 07:59:34,70,Mobile,Home,Logout
u0021,2025-10-19 07:59:34,55,Desktop,Home,Settings
u0021,2025-10-06 07:59:34,71,Desktop,Explore,Profile
u0021,2025-10-28 07:59:34,75,Desktop,Explore,Profile
u0021,2025-10-27 07:59:34,35,Mobile,Explore,Logout
u0022,2025-10-13 07:59:34,92,Mobile,Search,Logout
u0022,2025-10-28 07:59:34,56,Desktop,Home,Profile
u0022,2025-10-08 07:59:34,115,Mobile,Explore,Settings
u0022,2025-10-08 07:59:34,79,Mobile,Search,Profile
u0022,2025-11-02 07:59:34,9,Mobile,Home,Settings
u0022,2025-10-27 07:59:34,86,Mobile,Explore,Logout
u0022,2025-10-10 07:59:34,14,Mobile,Search,Settings
u0022,2025-10-31 07:59:34,36,Desktop,Home,Settings
u0023,2025-10-09 07:59:34,96,Mobile,Search,Settings
u0023,2025-10-13 07:59:34,107,Mobile,Home,Profile
u0023,2025-10-23 07:59:34,103,Mobile,Explore,Logout
u0023,2025-10-13 07:59:34,18,Mobile,Home,Logout
u0023,2025-10-26 07:59:34,58,Mobile,Explore,Logout
u0023,2025-10-08 07:59:34,66,Desktop,Explore,Profile
u0023,2025-11-04 07:59:34,80,Desktop,Home,Settings
u0023,2025-10-24 07:59:34,75,Desktop,Search,Settings
u0023,2025-10-18 07:59:34,22,Mobile,Home,Profile
u0023,2025-10-14 07:59:34,64,Desktop,Explore,Logout
u0024,2025-10-11 07:59:34,9,Mobile,Explore,Settings
u0024,2025-10-10 07:59:34,104,Desktop,Explore,Settings
u0024,2025-10-23 07:59:34,18,Desktop,Home,Logout
u0024,2025-10-10 07:59:34,103,Mobile,Explore,Logout
u0024,2025-10-29 07:59:34,100,Mobile,Search,Profile
u0024,2025-10-29 07:59:34,57,Mobile,Search,Settings
u0024,2025-10-16 07:59:34,17,Mobile,Explore,Logout
u0024,2025-10-08 07:59:34,22,Desktop,Home,Logout
u0025,2025-10-07 07:59:34,105,Desktop,Search,Settings
u0025,2025-10-18 07:59:34,88,Desktop,Search,Settings
u0025,2025-10-11 07:59:34,67,Mobile,Search,Settings
u0026,2025-10-13 07:59:34,98,Mobile,Home,Profile
u0026,2025-10-11 07:59:34,37,Mobile,Explore,Profile
u0026,2025-10-24 07:59:34,120,Desktop,Explore,Logout
u0026,2025-10-09 07:59:34,101,Mobile,Home,Profile
u0027,2025-10-21 07:59:34,41,Desktop,Home,Settings
u0027,2025-10-12 07:59:34,100,Desktop,Home,Logout
u0027,2025-10-22 07:59:34,44,Desktop,Explore,Settings
u0027,2025-11-01 07:59:34,108,Mobile,Home,Logout
u0027,2025-10-17 07:59:34,111,Mobile,Search,Logout
u0028,2025-11-05 07:59:34,34,Mobile,Search,Profile
u0028,2025-10-25 07:59:34,38,Desktop,Home,Settings
u0028,2025-11-01 07:59:34,59,Mobile,Search,Settings
u0028,2025-10-28 07:59:34,70,Desktop,Search,Logout
u0028,2025-10-09 07:59:34,52,Desktop,Search,Profile
u0028,2025-10-08 07:59:34,88,Mobile,Search,Profile
u0028,2025-11-02 07:59:34,120,Desktop,Explore,Settings
u0028,2025-10-21 07:59:34,6,Mobile,Home,Logout
u0028,2025-10-21 07:59:34,47,Mobile,Home,Settings
u0028,2025-10-30 07:59:34,75,Desktop,Explore,Logout
u0029,2025-11-03 07:59:34,5,Mobile,Explore,Settings
u0029,2025-11-02 07:59:34,59,Desktop,Explore,Logout
u0029,2025-10-23 07:59:34,95,Desktop,Home,Settings
u0029,2025-10-14 07:59:34,91,Mobile,Home,Logout
u0029,2025-11-02 07:59:34,31,Desktop,Search,Profile
u0029,2025-10-14 07:59:34,49,Mobile,Home,Settings
u0029,2025-10-08 07:59:34,86,Desktop,Explore,Settings
u0030,2025-10-06 07:59:34,40,Desktop,Explore,Profile
u0030,2025-10-13 07:59:34,32,Mobile,Search,Settings
u0030,2025-10-24 07:59:34,19,Desktop,Search,Profile
u0031,2025-10-20 07:59:34,76,Mobile,Explore,Settings
u0031,2025-10-21 07:59:34,9,Mobile,Explore,Logout
u0031,2025-10-24 07:59:34,28,Desktop,Home,Settings
u0031,2025-10-10 07:59:34,116,Mobile,Search,Logout
u0031,2025-10-28 07:59:34,47,Desktop,Search,Logout
u0031,2025-10-20 07:59:34,77,Mobile,Home,Logout
u0031,2025-10-29 07:59:34,94,Mobile,Explore,Settings
u0031,2025-10-20 07:59:34,85,Desktop,Home,Settings
u0032,2025-10-06 07:59:34,86,Desktop,Home,Settings
u0032,2025-11-01 07:59:34,100,Mobile,Explore,Settings
u0032,2025-11-02 07:59:34,46,Desktop,Explore,Logout
u0032,2025-10-27 07:59:34,116,Desktop,Home,Logout
u0032,2025-10-26 07:59:34,87,Mobile,Explore,Logout
u0032,2025-10-13 07:59:34,74,Mobile,Home,Settings
u0032,2025-10-30 07:59:34,63,Mobile,Home,Settings
u0032,2025-10-31 07:59:34,25,Desktop,Home,Settings
u0032,2025-10-14 07:59:34,116,Desktop,Search,Settings
u0033,2025-10-26 07:59:34,10,Mobile,Explore,Settings
u0033,2025-10-22 07:59:34,90,Desktop,Search,Profile
u0033,2025-11-03 07:59:34,34,Mobile,Explore,Logout
u0033,2025-10-17 07:59:34,66,Mobile,Home,Profile
u0034,2025-10-31 07:59:34,14,Desktop,Home,Settings
u0034,2025-10-06 07:59:34,44,Desktop,Explore,Settings
u0034,2025-10-19 07:59:34,46,Desktop,Explore,Settings
u0034,2025-11-02 07:59:34,81,Mobile,Home,Logout
u0034,2025-10-22 07:59:34,72,Mobile,Explore,Logout
u0034,2025-10-21 07:59:34,23,Desktop,Home,Logout
u0035,2025-10-11 07:59:34,63,Desktop,Home,Profile
u0035,2025-10-24 07:59:34,55,Desktop,Search,Logout
u0035,2025-11-04 07:59:34,30,Mobile,Search,Logout
u0035,2025-10-23 07:59:34,31,Desktop,Home,Settings
u0035,2025-10-29 07:59:34,113,Mobile,Search,Profile
u0036,2025-10-12 07:59:34,75,Mobile,Explore,Profile
u0036,2025-10-20 07:59:34,105,Desktop,Search,Logout
u0036,2025-11-01 07:59:34,103,Desktop,Search,Profile
u0036,2025-10-14 07:59:34,41,Mobile,Home,Settings
u0036,2025-10-13 07:59:34,50,Mobile,Home,Logout
u0037,2025-10-24 07:59:34,106,Mobile,Explore,Settings
u0037,2025-10-06 07:59:34,85,Mobile,Explore,Logout
u0037,2025-10-31 07:59:34,68,Mobile,Home,Profile
u0038,2025-10-22 07:59:34,80,Mobile,Search,Logout
u0038,2025-10-06 07:59:34,51,Desktop,Explore,Logout
u0038,2025-10-07 07:59:34,60,Mobile,Explore,Profile
u0038,2025-10-30 07:59:34,7,Mobile,Explore,Profile
u0038,2025-10-18 07:59:34,82,Mobile,Home,Logout
u0038,2025-10-23 07:59:34,7,Desktop,Explore,Profile
u0038,2025-10-11 07:59:34,51,Desktop,Search,Settings
u0039,2025-10-23 07:59:34,53,Desktop,Search,Logout
u0039,2025-10-28 07:59:34,20,Mobile,Search,Settings
u0039,2025-10-27 07:59:34,53,Desktop,Search,Profile
u0039,2025-10-12 07:59:34,27,Desktop,Home,Profile
u0039,2025-10-20 07:59:34,70,Mobile,Search,Profile
u0039,2025-11-01 07:59:34,82,Mobile,Explore,Profile
u0039,2025-10-08 07:59:34,35,Mobile,Home,Profile
u0039,2025-10-10 07:59:34,109,Mobile,Explore,Settings
u0040,2025-10-27 07:59:34,72,Desktop,Search,Logout
u0040,2025-10-30 07:59:34,58,Desktop,Home,Profile
u0040,2025-10-17 07:59:34,44,Mobile,Search,Settings
u0040,2025-10-14 07:59:34,27,Mobile,Search,Settings
u0040,2025-10-25 07:59:34,25,Mobile,Explore,Profile
u0040,2025-10-26 07:59:34,110,Desktop,Home,Profile
u0040,2025-10-15 07:59:34,18,Desktop,Explore,Profile
u0040,2025-10-06 07:59:34,42,Mobile,Explore,Logout
u0041,2025-10-18 07:59:34,93,Mobile,Home,Logout
u0041,2025-10-23 07:59:34,103,Desktop,Search,Settings
u0041,2025-10-07 07:59:34,30,Desktop,Explore,Settings
u0041,2025-10-24 07:59:34,19,Mobile,Home,Settings
u0041,2025-10-12 07:59:34,112,Mobile,Home,Logout
u0041,2025-10-06 07:59:34,39,Desktop,Explore,Settings
u0041,2025-10-12 07:59:34,103,Desktop,Explore,Profile
u0041,2025-11-02 07:59:34,20,Desktop,Explore,Settings
u0041,2025-10-24 07:59:34,93,Mobile,Explore,Logout
u0041,2025-11-02 07:59:34,41,Mobile,Home,Settings
u0042,2025-10-20 07:59:34,91,Mobile,Explore,Profile
u0042,2025-10-18 07:59:34,68,Desktop,Search,Profile
u0042,2025-10-30 07:59:34,46,Desktop,Home,Settings
u0042,2025-10-24 07:59:34,120,Desktop,Search,Settings
u0042,2025-11-04 07:59:34,97,Mobile,Explore,Logout
u0042,2025-10-22 07:59:34,27,Desktop,Home,Profile
u0042,2025-10-29 07:59:34,7,Mobile,Home,Logout
u0043,2025-10-29 07:59:34,100,Mobile,Explore,Logout
u0043,2025-10-22 07:59:34,117,Mobile,Search,Logout
u0043,2025-10-18 07:59:34,54,Mobile,Explore,Profile
u0044,2025-10-14 07:59:34,13,Mobile,Search,Logout
u0044,2025-10-12 07:59:34,61,Mobile,Search,Settings
u0044,2025-10-30 07:59:34,106,Desktop,Search,Logout
u0044,2025-11-04 07:59:34,101,Desktop,Explore,Logout
u0044,2025-10-11 07:59:34,88,Desktop,Explore,Profile
u0044,2025-10-17 07:59:34,98,Mobile,Home,Settings
u0044,2025-11-05 07:59:34,43,Mobile,Search,Profile
u0044,2025-10-11 07:59:34,105,Desktop,Home,Profile
u0044,2025-10-14 07:59:34,87,Mobile,Search,Logout
u0044,2025-10-07 07:59:34,111,Mobile,Home,Profile
u0045,2025-10-25 07:59:34,113,Mobile,Explore,Profile
u0045,2025-10-28 07:59:34,112,Mobile,Home,Logout
u0045,2025-10-09 07:59:34,39,Desktop,Search,Settings
u0045,2025-10-26 07:59:34,21,Mobile,Search,Logout
u0045,2025-10-18 07:59:34,22,Desktop,Home,Settings
u0045,2025-10-20 07:59:34,34,Desktop,Search,Settings
u0045,2025-10-11 07:59:34,102,Desktop,Home,Settings
u0045,2025-10-23 07:59:34,14,Desktop,Home,Logout
u0045,2025-10-09 07:59:34,102,Desktop,Home,Settings
u0046,2025-10-26 07:59:34,79,Desktop,Search,Logout
u0046,2025-10-10 07:59:34,110,Mobile,Home,Profile
u0046,2025-11-05 07:59:34,46,Desktop,Explore,Logout
u0046,2025-10-07 07:59:34,37,Mobile,Explore,Settings
u0046,2025-10-18 07:59:34,61,Mobile,Home,Profile
u0046,2025-10-16 07:59:34,65,Mobile,Home,Logout
u0046,2025-10-17 07:59:34,21,Mobile,Home,Profile
u0046,2025-10-18 07:59:34,118,Desktop,Explore,Settings
u0046,2025-10-21 07:59:34,26,Mobile,Explore,Settings
u0047,2025-10-16 07:59:34,77,Mobile,Home,Profile
u0047,2025-11-01 07:59:34,7,Desktop,Explore,Profile
u0047,2025-11-02 07:59:34,90,Desktop,Explore,Profile
u0047,2025-10-30 07:59:34,74,Mobile,Search,Profile
u0047,2025-10-21 07:59:34,72,Desktop,Search,Profile
u0047,2025-10-14 07:59:34,50,Mobile,Search,Profile
u0047,2025-10-24 07:59:34,62,Desktop,Home,Logout
u0048,2025-10-13 07:59:34,109,Mobile,Search,Logout
u0048,2025-11-01 07:59:34,48,Mobile,Search,Profile
u0048,2025-10-24 07:59:34,94,Desktop,Home,Profile
u0048,2025-11-02 07:59:34,35,Desktop,Search,Settings
u0048,2025-10-16 07:59:34,46,Desktop,Explore,Logout
u0048,2025-10-28 07:59:34,23,Mobile,Explore,Logout
u0048,2025-10-15 07:59:34,44,Desktop,Search,Settings
u0048,2025-10-09 07:59:34,11,Desktop,Home,Logout
u0048,2025-10-08 07:59:34,60,Desktop,Home,Profile
u0049,2025-10-29 07:59:34,75,Mobile,Home,Logout
u0049,2025-11-04 07:59:34,101,Desktop,Home,Logout
u0049,2025-10-28 07:59:34,73,Desktop,Explore,Settings
u0049,2025-10-24 07:59:34,118,Desktop,Search,Settings
u0049,2025-10-15 07:59:34,52,Mobile,Home,Profile
u0049,2025-10-17 07:59:34,23,Desktop,Explore,Logout
u0049,2025-10-28 07:59:34,18,Mobile,Explore,Logout
u0050,2025-10-17 07:59:34,115,Mobile,Search,Profile
u0050,2025-10-27 07:59:34,113,Mobile,Search,Settings
u0050,2025-11-03 07:59:34,29,Desktop,Search,Logout
u0051,2025-10-30 07:59:34,72,Mobile,Home,Profile
u0051,2025-11-05 07:59:34,10,Desktop,Search,Profile
u0051,2025-11-05 07:59:34,117,Desktop,Home,Profile
u0051,2025-10-25 07:59:34,83,Desktop,Explore,Settings
u0051,2025-10-08 07:59:34,60,Desktop,Explore,Profile
u0051,2025-10-07 07:59:34,49,Desktop,Search,Profile
u0051,2025-11-02 07:59:34,72,Desktop,Search,Logout
u0051,2025-10-23 07:59:34,88,Mobile,Search,Profile
u0051,2025-10-25 07:59:34,29,Mobile,Home,Settings
u0051,2025-10-24 07:59:34,34,Desktop,Home,Settings
u0052,2025-10-18 07:59:34,64,Desktop,Explore,Logout
u0052,2025-10-24 07:59:34,36,Mobile,Home,Logout
u0052,2025-10-06 07:59:34,21,Desktop,Explore,Profile
u0052,2025-10-18 07:59:34,118,Mobile,Search,Profile
u0052,2025-10-17 07:59:34,5,Desktop,Home,Profile
u0052,2025-10-28 07:59:34,115,Mobile,Home,Logout
u0053,2025-11-02 07:59:34,89,Desktop,Home,Logout
u0053,2025-11-02 07:59:34,23,Mobile,Home,Settings
u0053,2025-10-27 07:59:34,40,Mobile,Search,Logout
u0053,2025-11-02 07:59:34,107,Desktop,Home,Profile
u0053,2025-10-10 07:59:34,52,Mobile,Home,Logout
u0053,2025-10-14 07:59:34,22,Desktop,Home,Settings
u0053,2025-10-22 07:59:34,36,Desktop,Home,Profile
u0053,2025-10-22 07:59:34,56,Mobile,Explore,Profile
u0054,2025-10-18 07:59:34,89,Desktop,Explore,Profile
u0054,2025-11-01 07:59:34,70,Mobile,Explore,Profile
u0054,2025-10-31 07:59:34,65,Desktop,Home,Logout
u0054,2025-10-11 07:59:34,24,Desktop,Search,Profile
u0054,2025-10-26 07:59:34,80,Desktop,Explore,Logout
u0054,2025-10-26 07:59:34,82,Desktop,Home,Logout
u0054,2025-10-22 07:59:34,88,Mobile,Explore,Profile
u0054,2025-10-10 07:59:34,67,Desktop,Search,Profile
u0054,2025-10-16 07:59:34,104,Desktop,Explore,Profile
u0054,2025-11-05 07:59:34,78,Desktop,Explore,Settings
u0055,2025-10-07 07:59:34,52,Mobile,Search,Profile
u0055,2025-11-01 07:59:34,13,Mobile,Explore,Profile
u0055,2025-10-21 07:59:34,41,Desktop,Search,Settings
u0056,2025-10-25 07:59:34,99,Mobile,Explore,Profile
u0056,2025-10-24 07:59:34,119,Desktop,Home,Logout
u0056,2025-10-09 07:59:34,40,Mobile,Home,Profile
u0056,2025-10-14 07:59:34,49,Desktop,Home,Logout
u0056,2025-10-25 07:59:34,60,Mobile,Explore,Settings
u0056,2025-10-16 07:59:34,47,Desktop,Search,Settings
u0056,2025-10-25 07:59:34,79,Mobile,Search,Settings
u0056,2025-10-31 07:59:34,106,Mobile,Search,Logout
u0057,2025-10-17 07:59:34,74,Desktop,Home,Profile
u0057,2025-10-10 07:59:34,103,Mobile,Explore,Logout
u0057,2025-10-07 07:59:34,62,Mobile,Search,Logout
u0057,2025-10-26 07:59:34,60,Mobile,Search,Settings
u0057,2025-11-05 07:59:34,105,Mobile,Explore,Profile
u0057,2025-10-26 07:59:34,68,Desktop,Home,Settings
u0057,2025-10-08 07:59:34,101,Desktop,Search,Settings
u0057,2025-10-26 07:59:34,54,Mobile,Home,Profile
u0057,2025-10-21 07:59:34,75,Mobile,Search,Logout
u0058,2025-10-13 07:59:34,103,Desktop,Home,Logout
u0058,2025-10-27 07:59:34,36,Mobile,Explore,Logout
u0058,2025-10-31 07:59:34,118,Mobile,Explore,Profile
u0058,2025-11-05 07:59:34,26,Mobile,Explore,Profile
u0058,2025-10-06 07:59:34,73,Desktop,Explore,Logout
u0058,2025-11-05 07:59:34,103,Desktop,Search,Profile
u0058,2025-11-03 07:59:34,45,Desktop,Search,Settings
u0059,2025-10-20 07:59:34,84,Mobile,Explore,Profile
u0059,2025-10-20 07:59:34,24,Mobile,Search,Settings
u0059,2025-10-19 07:59:34,8,Desktop,Search,Logout
u0059,2025-11-02 07:59:34,99,Desktop,Search,Settings
u0059,2025-11-02 07:59:34,42,Mobile,Explore,Settings
u0060,2025-11-05 07:59:34,20,Desktop,Explore,Profile
u0060,2025-10-23 07:59:34,107,Mobile,Search,Logout
u0060,2025-10-26 07:59:34,88,Mobile,Explore,Profile
u0060,2025-10-26 07:59:34,78,Desktop,Explore,Settings
u0060,2025-10-25 07:59:34,78,Desktop,Home,Profile
u0061,2025-10-14 07:59:34,107,Mobile,Search,Logout
u0061,2025-11-05 07:59:34,52,Desktop,Search,Settings
u0061,2025-10-16 07:59:34,101,Mobile,Explore,Logout
u0061,2025-10-14 07:59:34,113,Mobile,Search,Logout
u0061,2025-10-27 07:59:34,103,Mobile,Home,Settings
u0061,2025-10-08 07:59:34,30,Desktop,Explore,Profile
u0061,2025-11-02 07:59:34,77,Mobile,Home,Logout
u0061,2025-10-26 07:59:34,80,Mobile,Home,Profile
u0061,2025-10-24 07:59:34,26,Desktop,Explore,Profile
u0062,2025-11-02 07:59:34,43,Desktop,Search,Profile
u0062,2025-10-14 07:59:34,84,Desktop,Home,Logout
u0062,2025-11-01 07:59:34,61,Desktop,Home,Profile
u0062,2025-10-16 07:59:34,88,Mobile,Home,Settings
u0062,2025-10-19 07:59:34,112,Desktop,Search,Logout
u0062,2025-10-28 07:59:34,76,Desktop,Home,Settings
u0062,2025-10-25 07:59:34,63,Desktop,Explore,Profile
u0062,2025-10-30 07:59:34,79,Desktop,Explore,Logout
u0062,2025-10-13 07:59:34,48,Desktop,Explore,Logout
u0063,2025-10-24 07:59:34,5,Desktop,Home,Settings
u0063,2025-10-12 07:59:34,116,Mobile,Home,Profile
u0063,2025-10-29 07:59:34,18,Mobile,Home,Settings
u0063,2025-10-22 07:59:34,31,Mobile,Explore,Logout
u0063,2025-10-30 07:59:34,92,Desktop,Explore,Logout
u0064,2025-10-16 07:59:34,103,Mobile,Explore,Logout
u0064,2025-10-29 07:59:34,6,Mobile,Home,Logout
u0064,2025-10-12 07:59:34,58,Desktop,Home,Logout
u0064,2025-11-05 07:59:34,91,Desktop,Explore,Profile
u0064,2025-10-11 07:59:34,101,Mobile,Search,Logout
u0064,2025-10-21 07:59:34,16,Desktop,Search,Logout
u0064,2025-10-21 07:59:34,83,Desktop,Explore,Profile
u0064,2025-10-26 07:59:34,116,Desktop,Explore,Logout
u0064,2025-11-04 07:59:34,64,Desktop,Home,Logout
u0064,2025-10-12 07:59:34,29,Mobile,Home,Profile
u0065,2025-10-27 07:59:34,64,Desktop,Search,Settings
u0065,2025-10-17 07:59:34,73,Mobile,Home,Logout
u0065,2025-10-25 07:59:34,85,Desktop,Home,Settings
u0065,2025-10-06 07:59:34,32,Desktop,Home,Logout
u0065,2025-10-09 07:59:34,59,Desktop,Search,Settings
u0066,2025-10-07 07:59:34,113,Desktop,Search,Logout
u0066,2025-10-19 07:59:34,70,Desktop,Search,Settings
u0066,2025-10-30 07:59:34,116,Mobile,Explore,Settings
u0066,2025-10-24 07:59:34,47,Desktop,Explore,Profile
u0066,2025-10-20 07:59:34,22,Mobile,Search,Logout
u0067,2025-10-28 07:59:34,84,Mobile,Home,Profile
u0067,2025-10-12 07:59:34,34,Mobile,Home,Logout
u0067,2025-10-24 07:59:34,29,Mobile,Home,Logout
u0067,2025-10-22 07:59:34,39,Mobile,Explore,Profile
u0067,2025-10-29 07:59:34,111,Mobile,Home,Settings
u0068,2025-10-12 07:59:34,40,Mobile,Search,Settings
u0068,2025-10-06 07:59:34,104,Desktop,Search,Logout
u0068,2025-10-28 07:59:34,111,Desktop,Explore,Settings
u0068,2025-10-22 07:59:34,77,Mobile,Search,Settings
u0068,2025-10-27 07:59:34,101,Desktop,Home,Settings
u0068,2025-10-21 07:59:34,56,Desktop,Explore,Logout
u0068,2025-10-11 07:59:34,91,Desktop,Search,Settings
u0069,2025-10-19 07:59:34,11,Mobile,Explore,Logout
u0069,2025-10-18 07:59:34,107,Mobile,Explore,Logout
u0069,2025-10-15 07:59:34,7,Desktop,Home,Logout
u0069,2025-10-23 07:59:34,41,Mobile,Explore,Logout
u0069,2025-10-09 07:59:34,41,Desktop,Home,Settings
u0069,2025-10-28 07:59:34,111,Desktop,Home,Profile
u0069,2025-10-19 07:59:34,25,Desktop,Explore,Profile
u0069,2025-10-31 07:59:34,30,Desktop,Home,Settings
u0069,2025-11-02 07:59:34,68,Desktop,Search,Profile
u0070,2025-10-06 07:59:34,28,Mobile,Search,Settings
u0070,2025-10-29 07:59:34,24,Desktop,Search,Logout
u0070,2025-10-20 07:59:34,110,Desktop,Explore,Logout
u0070,2025-10-06 07:59:34,5,Mobile,Explore,Logout
u0070,2025-10-26 07:59:34,94,Mobile,Search,Profile
u0070,2025-10-30 07:59:34,41,Desktop,Explore,Logout
u0070,2025-10-29 07:59:34,70,Desktop,Home,Logout
u0070,2025-10-30 07:59:34,36,Mobile,Home,Settings
u0070,2025-10-12 07:59:34,14,Desktop,Home,Settings
u0070,2025-11-05 07:59:34,85,Mobile,Search,Logout
u0071,2025-10-25 07:59:34,96,Mobile,Home,Profile
u0071,2025-10-17 07:59:34,31,Mobile,Search,Settings
u0071,2025-11-01 07:59:34,19,Desktop,Search,Settings
u0071,2025-10-14 07:59:34,9,Desktop,Explore,Settings
u0071,2025-10-25 07:59:34,67,Mobile,Home,Profile
u0071,2025-10-28 07:59:34,112,Desktop,Search,Settings
u0071,2025-10-26 07:59:34,107,Desktop,Home,Profile
u0071,2025-10-06 07:59:34,105,Desktop,Search,Profile
u0071,2025-10-12 07:59:34,96,Mobile,Explore,Settings
u0072,2025-10-17 07:59:34,64,Mobile,Home,Profile
u0072,2025-10-06 07:59:34,24,Mobile,Home,Logout
u0072,2025-10-30 07:59:34,12,Mobile,Home,Logout
u0072,2025-10-26 07:59:34,113,Mobile,Search,Logout
u0072,2025-10-13 07:59:34,44,Mobile,Explore,Profile
u0072,2025-10-29 07:59:34,65,Desktop,Search,Settings
u0072,2025-10-10 07:59:34,102,Mobile,Explore,Profile
u0072,2025-10-30 07:59:34,57,Desktop,Explore,Settings
u0072,2025-11-03 07:59:34,10,Mobile,Search,Profile
u0072,2025-10-14 07:59:34,54,Mobile,Explore,Settings
u0073,2025-10-30 07:59:34,90,Desktop,Home,Logout
u0073,2025-10-09 07:59:34,118,Desktop,Home,Settings
u0073,2025-10-30 07:59:34,15,Mobile,Search,Logout
u0074,2025-10-13 07:59:34,88,Desktop,Search,Settings
u0074,2025-10-10 07:59:34,57,Mobile,Search,Profile
u0074,2025-10-21 07:59:34,113,Desktop,Home,Settings
u0074,2025-10-15 07:59:34,36,Desktop,Search,Profile
u0075,2025-10-29 07:59:34,45,Desktop,Home,Logout
u0075,2025-10-18 07:59:34,81,Desktop,Search,Profile
u0075,2025-11-02 07:59:34,49,Mobile,Search,Logout
u0075,2025-11-05 07:59:34,96,Mobile,Search,Profile
u0075,2025-10-12 07:59:34,95,Mobile,Explore,Settings
u0075,2025-11-01 07:59:34,99,Desktop,Explore,Logout
u0075,2025-10-12 07:59:34,14,Desktop,Search,Logout
u0076,2025-10-21 07:59:34,90,Desktop,Home,Logout
u0076,2025-10-06 07:59:34,70,Mobile,Home,Settings
u0076,2025-10-23 07:59:34,54,Desktop,Explore,Profile
u0076,2025-10-22 07:59:34,67,Mobile,Home,Logout
u0076,2025-10-30 07:59:34,70,Desktop,Home,Settings
u0076,2025-10-21 07:59:34,54,Desktop,Search,Logout
u0076,2025-10-20 07:59:34,91,Mobile,Home,Settings
u0076,2025-10-27 07:59:34,27,Mobile,Search,Profile
u0076,2025-10-15 07:59:34,48,Desktop,Explore,Settings
u0076,2025-10-11 07:59:34,8,Mobile,Explore,Logout
u0077,2025-10-27 07:59:34,85,Mobile,Search,Logout
u0077,2025-10-19 07:59:34,28,Mobile,Search,Settings
u0077,2025-10-13 07:59:34,47,Mobile,Home,Logout
u0078,2025-10-12 07:59:34,103,Desktop,Search,Logout
u0078,2025-11-02 07:59:34,10,Mobile,Explore,Settings
u0078,2025-10-14 07:59:34,22,Mobile,Home,Settings
u0078,2025-10-12 07:59:34,44,Mobile,Explore,Logout
u0078,2025-10-18 07:59:34,22,Desktop,Explore,Settings
u0078,2025-10-31 07:59:34,110,Mobile,Home,Profile
u0078,2025-10-11 07:59:34,103,Mobile,Search,Settings
u0078,2025-10-16 07:59:34,84,Desktop,Search,Settings
u0078,2025-10-26 07:59:34,93,Desktop,Search,Profile
u0079,2025-10-08 07:59:34,68,Desktop,Home,Profile
u0079,2025-10-31 07:59:34,86,Mobile,Home,Profile
u0079,2025-10-22 07:59:34,33,Desktop,Home,Profile
u0079,2025-11-04 07:59:34,8,Mobile,Explore,Logout
u0079,2025-10-12 07:59:34,23,Desktop,Explore,Settings
u0079,2025-10-22 07:59:34,87,Desktop,Search,Profile
u0079,2025-10-28 07:59:34,118,Mobile,Search,Profile
u0080,2025-10-19 07:59:34,78,Mobile,Explore,Settings
u0080,2025-11-04 07:59:34,117,Desktop,Home,Settings
u0080,2025-10-23 07:59:34,51,Desktop,Explore,Profile
u0080,2025-10-24 07:59:34,89,Mobile,Explore,Profile
u0080,2025-10-11 07:59:34,55,Mobile,Search,Profile
u0081,2025-10-12 07:59:34,112,Desktop,Search,Logout
u0081,2025-10-31 07:59:34,42,Desktop,Home,Settings
u0081,2025-10-08 07:59:34,120,Desktop,Search,Logout
u0081,2025-10-08 07:59:34,83,Mobile,Search,Logout
u0081,2025-10-31 07:59:34,81,Desktop,Home,Logout
u0081,2025-10-27 07:59:34,51,Mobile,Home,Settings
u0081,2025-11-02 07:59:34,96,Desktop,Search,Logout
u0081,2025-10-23 07:59:34,87,Mobile,Search,Profile
u0082,2025-10-30 07:59:34,28,Mobile,Explore,Settings
u0082,2025-10-21 07:59:34,23,Mobile,Home,Settings
u0082,2025-10-23 07:59:34,102,Desktop,Explore,Logout
u0082,2025-10-19 07:59:34,48,Mobile,Search,Logout
u0083,2025-10-16 07:59:34,78,Desktop,Home,Logout
u0083,2025-10-07 07:59:34,13,Desktop,Search,Settings
u0083,2025-10-07 07:59:34,107,Mobile,Search,Logout
u0083,2025-10-27 07:59:34,95,Desktop,Home,Profile
u0083,2025-10-06 07:59:34,82,Mobile,Search,Settings
u0083,2025-11-02 07:59:34,117,Desktop,Search,Settings
u0084,2025-10-31 07:59:34,106,Mobile,Search,Logout
u0084,2025-10-26 07:59:34,89,Mobile,Search,Logout
u0084,2025-11-03 07:59:34,105,Desktop,Home,Settings
u0084,2025-10-06 07:59:34,49,Mobile,Search,Profile
u0084,2025-10-15 07:59:34,73,Desktop,Home,Settings
u0084,2025-10-22 07:59:34,103,Desktop,Home,Logout
u0085,2025-10-21 07:59:34,44,Mobile,Explore,Profile
u0085,2025-10-25 07:59:34,109,Mobile,Explore,Profile
u0085,2025-10-17 07:59:34,119,Desktop,Home,Settings
u0085,2025-10-27 07:59:34,38,Desktop,Home,Profile
u0085,2025-11-01 07:59:34,51,Desktop,Explore,Profile
u0085,2025-11-04 07:59:34,36,Mobile,Search,Logout
u0086,2025-10-07 07:59:34,39,Mobile,Home,Settings
u0086,2025-10-14 07:59:34,44,Mobile,Search,Logout
u0086,2025-10-22 07:59:34,49,Mobile,Home,Logout
u0086,2025-10-12 07:59:34,73,Mobile,Home,Profile
u0086,2025-10-15 07:59:34,92,Mobile,Explore,Settings
u0086,2025-10-09 07:59:34,94,Mobile,Explore,Settings
u0086,2025-10-21 07:59:34,63,Mobile,Home,Settings
u0087,2025-10-18 07:59:34,62,Mobile,Search,Profile
u0087,2025-10-30 07:59:34,6,Mobile,Explore,Profile
u0087,2025-10-28 07:59:34,22,Desktop,Home,Logout
u0087,2025-10-06 07:59:34,26,Mobile,Home,Settings
u0087,2025-10-22 07:59:34,14,Mobile,Explore,Settings
u0087,2025-10-10 07:59:34,70,Mobile,Explore,Settings
u0087,2025-10-26 07:59:34,19,Desktop,Home,Logout
u0087,2025-11-02 07:59:34,73,Desktop,Explore,Logout
u0087,2025-10-25 07:59:34,28,Desktop,Explore,Profile
u0088,2025-10-18 07:59:34,105,Desktop,Explore,Settings
u0088,2025-10-11 07:59:34,53,Desktop,Home,Profile
u0088,2025-10-07 07:59:34,84,Desktop,Explore,Logout
u0088,2025-10-21 07:59:34,21,Desktop,Home,Profile
u0088,2025-11-01 07:59:34,83,Mobile,Explore,Settings
u0088,2025-10-20 07:59:34,87,Desktop,Home,Settings
u0088,2025-10-14 07:59:34,56,Mobile,Search,Logout
u0089,2025-10-24 07:59:34,56,Desktop,Home,Logout
u0089,2025-10-23 07:59:34,22,Desktop,Home,Logout
u0089,2025-10-16 07:59:34,105,Desktop,Search,Settings
u0089,2025-10-12 07:59:34,107,Desktop,Home,Settings
u0089,2025-10-08 07:59:34,33,Desktop,Home,Settings
u0089,2025-10-09 07:59:34,87,Desktop,Search,Profile
u0089,2025-11-03 07:59:34,94,Desktop,Search,Logout
u0089,2025-10-18 07:59:34,66,Desktop,Home,Logout
u0089,2025-10-26 07:59:34,88,Desktop,Home,Settings
u0089,2025-10-27 07:59:34,45,Mobile,Explore,Settings
u0090,2025-11-01 07:59:34,63,Desktop,Explore,Profile
u0090,2025-10-20 07:59:34,15,Mobile,Home,Profile
u0090,2025-11-04 07:59:34,20,Desktop,Explore,Profile
u0090,2025-10-30 07:59:34,25,Desktop,Search,Profile
u0090,2025-10-19 07:59:34,26,Desktop,Search,Profile
u0091,2025-10-08 07:59:34,88,Desktop,Explore,Logout
u0091,2025-10-18 07:59:34,89,Mobile,Search,Profile
u0091,2025-10-22 07:59:34,117,Mobile,Explore,Logout
u0091,2025-10-14 07:59:34,21,Mobile,Home,Profile
u0091,2025-10-20 07:59:34,91,Mobile,Explore,Profile
u0091,2025-11-04 07:59:34,43,Desktop,Explore,Settings
u0091,2025-11-03 07:59:34,102,Mobile,Home,Settings
u0091,2025-10-30 07:59:34,69,Mobile,Home,Logout
u0091,2025-10-21 07:59:34,97,Mobile,Home,Profile
u0092,2025-11-03 07:59:34,19,Mobile,Home,Logout
u0092,2025-10-06 07:59:34,38,Mobile,Home,Logout
u0092,2025-11-03 07:59:34,104,Desktop,Explore,Logout
u0092,2025-10-10 07:59:34,59,Mobile,Home,Profile
u0092,2025-10-26 07:59:34,46,Mobile,Explore,Logout
u0092,2025-10-27 07:59:34,5,Mobile,Search,Settings
u0092,2025-10-12 07:59:34,81,Mobile,Home,Settings
u0092,2025-10-27 07:59:34,100,Mobile,Search,Profile
u0092,2025-10-11 07:59:34,55,Desktop,Explore,Logout
u0093,2025-10-21 07:59:34,35,Mobile,Home,Profile
u0093,2025-11-02 07:59:34,109,Mobile,Explore,Settings
u0093,2025-10-12 07:59:34,29,Desktop,Search,Settings
u0093,2025-10-24 07:59:34,58,Desktop,Home,Settings
u0093,2025-10-10 07:59:34,11,Mobile,Home,Profile
u0093,2025-11-05 07:59:34,6,Mobile,Home,Settings
u0093,2025-11-05 07:59:34,44,Mobile,Explore,Settings
u0093,2025-10-21 07:59:34,33,Desktop,Search,Profile
u0093,2025-11-01 07:59:34,39,Desktop,Explore,Logout
u0094,2025-10-23 07:59:34,110,Mobile,Search,Profile
u0094,2025-10-22 07:59:34,28,Desktop,Home,Profile
u0094,2025-10-10 07:59:34,113,Mobile,Explore,Settings
u0094,2025-10-09 07:59:34,98,Mobile,Home,Logout
u0094,2025-11-03 07:59:34,110,Mobile,Explore,Settings
u0095,2025-10-26 07:59:34,46,Desktop,Explore,Logout
u0095,2025-10-14 07:59:34,64,Mobile,Home,Profile
u0095,2025-11-05 07:59:34,113,Mobile,Search,Profile
u0095,2025-10-24 07:59:34,88,Desktop,Home,Profile
u0095,2025-10-21 07:59:34,112,Mobile,Search,Logout
u0095,2025-10-12 07:59:34,57,Mobile,Search,Settings
u0095,2025-10-18 07:59:34,34,Mobile,Home,Profile
u0095,2025-10-12 07:59:34,27,Mobile,Search,Profile
u0095,2025-10-29 07:59:34,95,Mobile,Explore,Logout
u0096,2025-10-17 07:59:34,30,Desktop,Home,Profile
u0096,2025-10-09 07:59:34,112,Mobile,Home,Settings
u0096,2025-11-05 07:59:34,18,Mobile,Home,Profile
u0096,2025-11-02 07:59:34,44,Desktop,Search,Logout
u0096,2025-11-02 07:59:34,57,Desktop,Search,Profile
u0097,2025-10-28 07:59:34,111,Desktop,Home,Profile
u0097,2025-10-27 07:59:34,89,Desktop,Search,Profile
u0097,2025-11-05 07:59:34,88,Mobile,Explore,Settings
u0098,2025-10-11 07:59:34,18,Desktop,Search,Logout
u0098,2025-10-09 07:59:34,61,Desktop,Home,Logout
u0098,2025-10-28 07:59:34,119,Desktop,Explore,Settings
u0098,2025-10-23 07:59:34,86,Mobile,Search,Logout
u0098,2025-10-07 07:59:34,80,Mobile,Search,Logout
u0098,2025-10-28 07:59:34,93,Mobile,Search,Settings
u0099,2025-10-31 07:59:34,82,Mobile,Search,Settings
u0099,2025-10-15 07:59:34,114,Desktop,Explore,Logout
u0099,2025-10-19 07:59:34,104,Mobile,Search,Settings
u0099,2025-10-27 07:59:34,104,Desktop,Search,Settings
u0099,2025-10-16 07:59:34,21,Mobile,Home,Settings
u0099,2025-10-17 07:59:34,87,Desktop,Home,Logout
u0099,2025-10-29 07:59:34,91,Desktop,Search,Profile
u0099,2025-10-07 07:59:34,57,Mobile,Search,Logout
u0100,2025-10-18 07:59:34,41,Mobile,Explore,Profile
u0100,2025-10-29 07:59:34,24,Desktop,Search,Settings
u0100,2025-10-31 07:59:34,61,Desktop,Home,Profile
u0100,2025-10-20 07:59:34,64,Mobile,Search,Logout
u0100,2025-10-10 07:59:34,71,Mobile,Search,Profile
u0100,2025-10-17 07:59:34,102,Desktop,Explore,Settings
u0100,2025-10-17 07:59:34,69,Desktop,Home,Logout
u0100,2025-10-13 07:59:34,55,Desktop,Explore,Settings
u0100,2025-10-31 07:59:34,8,Mobile,Search,Logout
u0100,2025-11-01 07:59:34,6,Desktop,Search,Settings
