user_id,app_version,device_info,location,language,profile_thumbnail_url,profile_full_url
u0001,v1.4.4,Pixel 6,Bangalore,en,https://api.dicebear.com/6.x/thumbs/png?size=64&seed=User1,https://api.dicebear.com/6.x/adventurer/png?size=512&seed=User1
u0002,v2.5.8,Macbook Pro,Delhi,bn,https://api.dicebear.com/6.x/thumbs/png?size=64&seed=User2,https://api.dicebear.com/6.x/adventurer/png?size=512&seed=User2
u0003,v2.7.8,Macbook Pro,Delhi,en,https://api.dicebear.com/6.x/thumbs/png?size=64&seed=User3,https://api.dicebear.com/6.x/adventurer/png?size=512&seed=User3
u0004,v2.4.8,OnePlus 11,Bangalore,en,https://api.dicebear.com/6.x/thumbs/png?size=64&seed=User4,https://api.dicebear.com/6.x/adventurer/png?size=512&seed=User4
u0005,v1.6.6,Macbook Pro,Bangalore,hi,https://api.dicebear.com/6.x/thumbs/png?size=64&seed=User5,https://api.dicebear.com/6.x/adventurer/png?size=512&seed=User5
u0006,v2.5.5,Samsung S22,Mumbai,te,https://api.dicebear.com/6.x/thumbs/png?size=64&seed=User6,https://api.dicebear.com/6.x/adventurer/png?size=512&seed=User6
u0007,v3.6.1,Macbook Pro,Bangalore,bn,https://api.dicebear.com/6.x/thumbs/png?size=64&seed=User7,https://api.dicebear.com/6.x/adventurer/png?size=512&seed=User7
u0008,v2.9.9,Pixel 6,Chennai,en,https://api.dicebear.com/6.x/thumbs/png?size=64&seed=User8,https://api.dicebear.com/6.x/adventurer/png?size=512&seed=User8
u0009,v1.2.0,Samsung S22,Bangalore,ta,https://api.dicebear.com/6.x/thumbs/png?size=64&seed=User9,https://api.dicebear.com/6.x/adventurer/png?size=512&seed=User9
u0010,v3.8.9,Pixel 6,Delhi,ta,https://api.dicebear.com/6.x/thumbs/png?size=64&seed=User10,https://api.dicebear.com/6.x/adventurer/png?size=512&seed=User10
u0011,v1.1.2,OnePlus 11,Mumbai,hi,https://api.dicebear.com/6.x/thumbs/png?size=64&seed=User11,https://api.dicebear.com/6.x/adventurer/png?size=512&seed=User11
u0012,v2.3.8,Macbook Pro,Hyderabad,te,https://api.dicebear.com/6.x/thumbs/png?size=64&seed=User12,https://api.dicebear.com/6.x/adventurer/png?size=512&seed=User12
u0013,v2.0.0,Pixel 6,Mumbai,en,https://api.dicebear.com/6.x/thumbs/png?size=64&seed=User13,https://api.dicebear.com/6.x/adventurer/png?size=512&seed=User13
u0014,v2.8.4,Samsung S22,Delhi,hi,https://api.dicebear.com/6.x/thumbs/png?size=64&seed=User14,https://api.dicebear.com/6.x/adventurer/png?size=512&seed=User14
u0015,v2.1.2,Pixel 6,Delhi,en,https://api.dicebear.com/6.x/thumbs/png?size=64&seed=User15,https://api.dicebear.com/6.x/adventurer/png?size=512&seed=User15
u0016,v2.0.4,Samsung S22,Bangalore,hi,https://api.dicebear.com/6.x/thumbs/png?size=64&seed=User16,https://api.dicebear.com/6.x/adventurer/png?size=512&seed=User16
u0017,v1.4.2,Pixel 6,Chennai,ta,https://api.dicebear.com/6.x/thumbs/png?size=64&seed=User17,https://api.dicebear.com/6.x/adventurer/png?size=512&seed=User17
u0018,v3.4.6,Pixel 6,Chennai,en,https://api.dicebear.com/6.x/thumbs/png?size=64&seed=User18,https://api.dicebear.com/6.x/adventurer/png?size=512&seed=User18
u0019,v2.2.8,Macbook Pro,Mumbai,en,https://api.dicebear.com/6.x/thumbs/png?size=64&seed=User19,https://api.dicebear.com/6.x/adventurer/png?size=512&seed=User19
u0020,v2.7.2,iPhone 14,Delhi,hi,https://api.dicebear.com/6.x/thumbs/png?size=64&seed=User20,https://api.dicebear.com/6.x/adventurer/png?size=512&seed=User20
u0021,v2.5.0,iPhone 14,Chennai,en,https://api.dicebear.com/6.x/thumbs/png?size=64&seed=User21,https://api.dicebear.com/6.x/adventurer/png?size=512&seed=User21
u0022,v1.2.0,OnePlus 11,Bangalore,bn,https://api.dicebear.com/6.x/thumbs/png?size=64&seed=User22,https://api.dicebear.com/6.x/adventurer/png?size=512&seed=User22
u0023,v2.7.6,OnePlus 11,Delhi,te,https://api.dicebear.com/6.x/thumbs/png?size=64&seed=User23,https://api.dicebear.com/6.x/adventurer/png?size=512&seed=User23
u0024,v1.2.7,iPhone 14,Chennai,hi,https://api.dicebear.com/6.x/thumbs/png?size=64&seed=User24,https://api.dicebear.com/6.x/adventurer/png?size=512&seed=User24
u0025,v3.1.4,OnePlus 11,Delhi,te,https://api.dicebear.com/6.x/thumbs/png?size=64&seed=User25,https://api.dicebear.com/6.x/adventurer/png?size=512&seed=User25
u0026,v3.2.6,Pixel 6,Bangalore,hi,https://api.dicebear.com/6.x/thumbs/png?size=64&seed=User26,https://api.dicebear.com/6.x/adventurer/png?size=512&seed=User26
u0027,v3.0.7,iPhone 14,Chennai,bn,https://api.dicebear.com/6.x/thumbs/png?size=64&seed=User27,https://api.dicebear.com/6.x/adventurer/png?size=512&seed=User27
u0028,v1.1.8,Pixel 6,Bangalore,te,https://api.dicebear.com/6.x/thumbs/png?size=64&seed=User28,https://api.dicebear.com/6.x/adventurer/png?size=512&seed=User28
u0029,v1.0.7,iPhone 14,Bangalore,ta,https://api.dicebear.com/6.x/thumbs/png?size=64&seed=User29,https://api.dicebear.com/6.x/adventurer/png?size=512&seed=User29
u0030,v3.7.4,iPhone 14,Delhi,hi,https://api.dicebear.com/6.x/thumbs/png?size=64&seed=User30,https://api.dicebear.com/6.x/adventurer/png?size=512&seed=User30
u0031,v1.5.0,Pixel 6,Chennai,hi,https://api.dicebear.com/6.x/thumbs/png?size=64&seed=User31,https://api.dicebear.com/6.x/adventurer/png?size=512&seed=User31
u0032,v2.9.4,OnePlus 11,Hyderabad,ta,https://api.dicebear.com/6.x/thumbs/png?size=64&seed=User32,https://api.dicebear.com/6.x/adventurer/png?size=512&seed=User32
u0033,v1.7.4,iPhone 14,Bangalore,te,https://api.dicebear.com/6.x/thumbs/png?size=64&seed=User33,https://api.dicebear.com/6.x/adventurer/png?size=512&seed=User33
u0034,v1.3.4,Samsung S22,Delhi,te,https://api.dicebear.com/6.x/thumbs/png?size=64&seed=User34,https://api.dicebear.com/6.x/adventurer/png?size=512&seed=User34
u0035,v3.6.4,Macbook Pro,Hyderabad,bn,https://api.dicebear.com/6.x/thumbs/png?size=64&seed=User35,https://api.dicebear.com/6.x/adventurer/png?size=512&seed=User35
u0036,v1.4.5,Samsung S22,Delhi,te,https://api.dicebear.com/6.x/thumbs/png?size=64&seed=User36,https://api.dicebear.com/6.x/adventurer/png?size=512&seed=User36
u0037,v1.5.4,Macbook Pro,Hyderabad,hi,https://api.dicebear.com/6.x/thumbs/png?size=64&seed=User37,https://api.dicebear.com/6.x/adventurer/png?size=512&seed=User37
u0038,v1.3.9,Pixel 6,Hyderabad,hi,https://api.dicebear.com/6.x/thumbs/png?size=64&seed=User38,https://api.dicebear.com/6.x/adventurer/png?size=512&seed=User38
u0039,v3.3.9,Pixel 6,Mumbai,en,https://api.dicebear.com/6.x/thumbs/png?size=64&seed=User39,https://api.dicebear.com/6.x/adventurer/png?size=512&seed=User39
u0040,v2.1.0,OnePlus 11,Mumbai,hi,https://api.dicebear.com/6.x/thumbs/png?size=64&seed=User40,https://api.dicebear.com/6.x/adventurer/png?size=512&seed=User40
u0041,v3.8.4,Samsung S22,Mumbai,ta,https://api.dicebear.com/6.x/thumbs/png?size=64&seed=User41,https://api.dicebear.com/6.x/adventurer/png?size=512&seed=User41
u0042,v2.4.5,iPhone 14,Bangalore,bn,https://api.dicebear.com/6.x/thumbs/png?size=64&seed=User42,https://api.dicebear.com/6.x/adventurer/png?size=512&seed=User42
u0043,v3.3.8,OnePlus 11,Hyderabad,en,https://api.dicebear.com/6.x/thumbs/png?size=64&seed=User43,https://api.dicebear.com/6.x/adventurer/png?size=512&seed=User43
u0044,v2.8.4,Pixel 6,Mumbai,en,https://api.dicebear.com/6.x/thumbs/png?size=64&seed=User44,https://api.dicebear.com/6.x/adventurer/png?size=512&seed=User44
u0045,v3.0.7,OnePlus 11,Chennai,hi,https://api.dicebear.com/6.x/thumbs/png?size=64&seed=User45,https://api.dicebear.com/6.x/adventurer/png?size=512&seed=User45
u0046,v1.2.1,Macbook Pro,Hyderabad,bn,https://api.dicebear.com/6.x/thumbs/png?size=64&seed=User46,https://api.dicebear.com/6.x/adventurer/png?size=512&seed=User46
u0047,v2.0.7,OnePlus 11,Delhi,bn,https://api.dicebear.com/6.x/thumbs/png?size=64&seed=User47,https://api.dicebear.com/6.x/adventurer/png?size=512&seed=User47
u0048,v3.8.0,Macbook Pro,Delhi,te,https://api.dicebear.com/6.x/thumbs/png?size=64&seed=User48,https://api.dicebear.com/6.x/adventurer/png?size=512&seed=User48
u0049,v1.5.0,Samsung S22,Delhi,ta,https://api.dicebear.com/6.x/thumbs/png?size=64&seed=User49,https://api.dicebear.com/6.x/adventurer/png?size=512&seed=User49
u0050,v3.5.5,OnePlus 11,Chennai,hi,https://api.dicebear.com/6.x/thumbs/png?size=64&seed=User50,https://api.dicebear.com/6.x/adventurer/png?size=512&seed=User50
u0051,v2.2.4,Macbook Pro,Mumbai,ta,https://api.dicebear.com/6.x/thumbs/png?size=64&seed=User51,https://api.dicebear.com/6.x/adventurer/png?size=512&seed=User51
u0052,v2.8.7,Pixel 6,Bangalore,te,https://api.dicebear.com/6.x/thumbs/png?size=64&seed=User52,https://api.dicebear.com/6.x/adventurer/png?size=512&seed=User52
u0053,v3.0.0,Pixel 6,Chennai,bn,https://api.dicebear.com/6.x/thumbs/png?size=64&seed=User53,https://api.dicebear.com/6.x/adventurer/png?size=512&seed=User53
u0054,v1.3.3,iPhone 14,Delhi,ta,https://api.dicebear.com/6.x/thumbs/png?size=64&seed=User54,https://api.dicebear.com/6.x/adventurer/png?size=512&seed=User54
u0055,v1.0.0,OnePlus 11,Mumbai,bn,https://api.dicebear.com/6.x/thumbs/png?size=64&seed=User55,https://api.dicebear.com/6.x/adventurer/png?size=512&seed=User55
u0056,v1.8.7,Samsung S22,Mumbai,en,https://api.dicebear.com/6.x/thumbs/png?size=64&seed=User56,https://api.dicebear.com/6.x/adventurer/png?size=512&seed=User56
u0057,v3.7.8,Pixel 6,Hyderabad,bn,https://api.dicebear.com/6.x/thumbs/png?size=64&seed=User57,https://api.dicebear.com/6.x/adventurer/png?size=512&seed=User57
u0058,v3.0.9,OnePlus 11,Hyderabad,en,https://api.dicebear.com/6.x/thumbs/png?size=64&seed=User58,https://api.dicebear.com/6.x/adventurer/png?size=512&seed=User58
u0059,v1.1.2,Macbook Pro,Delhi,te,https://api.dicebear.com/6.x/thumbs/png?size=64&seed=User59,https://api.dicebear.com/6.x/adventurer/png?size=512&seed=User59
u0060,v3.1.1,OnePlus 11,Hyderabad,hi,https://api.dicebear.com/6.x/thumbs/png?size=64&seed=User60,https://api.dicebear.com/6.x/adventurer/png?size=512&seed=User60
u0061,v3.5.1,Samsung S22,Chennai,bn,https://api.dicebear.com/6.x/thumbs/png?size=64&seed=User61,https://api.dicebear.com/6.x/adventurer/png?size=512&seed=User61
u0062,v2.7.5,OnePlus 11,Hyderabad,ta,https://api.dicebear.com/6.x/thumbs/png?size=64&seed=User62,https://api.dicebear.com/6.x/adventurer/png?size=512&seed=User62
u0063,v1.8.5,iPhone 14,Mumbai,en,https://api.dicebear.com/6.x/thumbs/png?size=64&seed=User63,https://api.dicebear.com/6.x/adventurer/png?size=512&seed=User63
u0064,v1.6.8,iPhone 14,Mumbai,hi,https://api.dicebear.com/6.x/thumbs/png?size=64&seed=User64,https://api.dicebear.com/6.x/adventurer/png?size=512&seed=User64
u0065,v2.8.6,OnePlus 11,Chennai,ta,https://api.dicebear.com/6.x/thumbs/png?size=64&seed=User65,https://api.dicebear.com/6.x/adventurer/png?size=512&seed=User65
u0066,v3.6.4,Macbook Pro,Bangalore,hi,https://api.dicebear.com/6.x/thumbs/png?size=64&seed=User66,https://api.dicebear.com/6.x/adventurer/png?size=512&seed=User66
u0067,v1.3.8,Samsung S22,Mumbai,bn,https://api.dicebear.com/6.x/thumbs/png?size=64&seed=User67,https://api.dicebear.com/6.x/adventurer/png?size=512&seed=User67
u0068,v1.2.9,Samsung S22,Delhi,ta,https://api.dicebear.com/6.x/thumbs/png?size=64&seed=User68,https://api.dicebear.com/6.x/adventurer/png?size=512&seed=User68
u0069,v3.1.4,iPhone 14,Bangalore,ta,https://api.dicebear.com/6.x/thumbs/png?size=64&seed=User69,https://api.dicebear.com/6.x/adventurer/png?size=512&seed=User69
u0070,v3.6.5,Samsung S22,Chennai,hi,https://api.dicebear.com/6.x/thumbs/png?size=64&seed=User70,https://api.dicebear.com/6.x/adventurer/png?size=512&seed=User70
u0071,v1.6.1,Macbook Pro,Mumbai,te,https://api.dicebear.com/6.x/thumbs/png?size=64&seed=User71,https://api.dicebear.com/6.x/adventurer/png?size=512&seed=User71
u0072,v2.2.2,Pixel 6,Delhi,bn,https://api.dicebear.com/6.x/thumbs/png?size=64&seed=User72,https://api.dicebear.com/6.x/adventurer/png?size=512&seed=User72
u0073,v2.8.7,iPhone 14,Hyderabad,en,https://api.dicebear.com/6.x/thumbs/png?size=64&seed=User73,https://api.dicebear.com/6.x/adventurer/png?size=512&seed=User73
u0074,v3.0.5,Pixel 6,Bangalore,ta,https://api.dicebear.com/6.x/thumbs/png?size=64&seed=User74,https://api.dicebear.com/6.x/adventurer/png?size=512&seed=User74
u0075,v3.7.9,Samsung S22,Hyderabad,en,https://api.dicebear.com/6.x/thumbs/png?size=64&seed=User75,https://api.dicebear.com/6.x/adventurer/png?size=512&seed=User75
u0076,v2.0.7,iPhone 14,Delhi,bn,https://api.dicebear.com/6.x/thumbs/png?size=64&seed=User76,https://api.dicebear.com/6.x/adventurer/png?size=512&seed=User76
u0077,v2.0.4,Samsung S22,Chennai,bn,https://api.dicebear.com/6.x/thumbs/png?size=64&seed=User77,https://api.dicebear.com/6.x/adventurer/png?size=512&seed=User77
u0078,v1.4.2,Samsung S22,Chennai,ta,https://api.dicebear.com/6.x/thumbs/png?size=64&seed=User78,https://api.dicebear.com/6.x/adventurer/png?size=512&seed=User78
u0079,v1.9.9,iPhone 14,Bangalore,ta,https://api.dicebear.com/6.x/thumbs/png?size=64&seed=User79,https://api.dicebear.com/6.x/adventurer/png?size=512&seed=User79
u0080,v1.9.8,OnePlus 11,Hyderabad,hi,https://api.dicebear.com/6.x/thumbs/png?size=64&seed=User80,https://api.dicebear.com/6.x/adventurer/png?size=512&seed=User80
u0081,v2.7.4,Pixel 6,Chennai,en,https://api.dicebear.com/6.x/thumbs/png?size=64&seed=User81,https://api.dicebear.com/6.x/adventurer/png?size=512&seed=User81
u0082,v2.1.7,OnePlus 11,Delhi,en,https://api.dicebear.com/6.x/thumbs/png?size=64&seed=User82,https://api.dicebear.com/6.x/adventurer/png?size=512&seed=User82
u0083,v1.9.4,Pixel 6,Delhi,bn,https://api.dicebear.com/6.x/thumbs/png?size=64&seed=User83,https://api.dicebear.com/6.x/adventurer/png?size=512&seed=User83
u0084,v1.6.3,Pixel 6,Delhi,bn,https://api.dicebear.com/6.x/thumbs/png?size=64&seed=User84,https://api.dicebear.com/6.x/adventurer/png?size=512&seed=User84
u0085,v2.8.1,OnePlus 11,Bangalore,bn,https://api.dicebear.com/6.x/thumbs/png?size=64&seed=User85,https://api.dicebear.com/6.x/adventurer/png?size=512&seed=User85
u0086,v1.6.8,Pixel 6,Mumbai,hi,https://api.dicebear.com/6.x/thumbs/png?size=64&seed=User86,https://api.dicebear.com/6.x/adventurer/png?size=512&seed=User86
u0087,v2.8.5,Macbook Pro,Hyderabad,ta,https://api.dicebear.com/6.x/thumbs/png?size=64&seed=User87,https://api.dicebear.com/6.x/adventurer/png?size=512&seed=User87
u0088,v2.4.7,Pixel 6,Bangalore,hi,https://api.dicebear.com/6.x/thumbs/png?size=64&seed=User88,https://api.dicebear.com/6.x/adventurer/png?size=512&seed=User88
u0089,v2.1.4,OnePlus 11,Mumbai,ta,https://api.dicebear.com/6.x/thumbs/png?size=64&seed=User89,https://api.dicebear.com/6.x/adventurer/png?size=512&seed=User89
u0090,v1.1.1,iPhone 14,Delhi,te,https://api.dicebear.com/6.x/thumbs/png?size=64&seed=User90,https://api.dicebear.com/6.x/adventurer/png?size=512&seed=User90
u0091,v2.6.8,OnePlus 11,Chennai,bn,https://api.dicebear.com/6.x/thumbs/png?size=64&seed=User91,https://api.dicebear.com/6.x/adventurer/png?size=512&seed=User91
u0092,v3.5.6,OnePlus 11,Bangalore,hi,https://api.dicebear.com/6.x/thumbs/png?size=64&seed=User92,https://api.dicebear.com/6.x/adventurer/png?size=512&seed=User92
u0093,v3.7.3,Macbook Pro,Hyderabad,hi,https://api.dicebear.com/6.x/thumbs/png?size=64&seed=User93,https://api.dicebear.com/6.x/adventurer/png?size=512&seed=User93
u0094,v2.6.2,iPhone 14,Bangalore,en,https://api.dicebear.com/6.x/thumbs/png?size=64&seed=User94,https://api.dicebear.com/6.x/adventurer/png?size=512&seed=User94
u0095,v1.0.7,Macbook Pro,Mumbai,ta,https://api.dicebear.com/6.x/thumbs/png?size=64&seed=User95,https://api.dicebear.com/6.x/adventurer/png?size=512&seed=User95
u0096,v1.8.6,Pixel 6,Mumbai,te,https://api.dicebear.com/6.x/thumbs/png?size=64&seed=User96,https://api.dicebear.com/6.x/adventurer/png?size=512&seed=User96
u0097,v2.1.7,Pixel 6,Hyderabad,ta,https://api.dicebear.com/6.x/thumbs/png?size=64&seed=User97,https://api.dicebear.com/6.x/adventurer/png?size=512&seed=User97
u0098,v2.3.7,iPhone 14,Chennai,bn,https://api.dicebear.com/6.x/thumbs/png?size=64&seed=User98,https://api.dicebear.com/6.x/adventurer/png?size=512&seed=User98
u0099,v3.7.6,Samsung S22,Mumbai,bn,https://api.dicebear.com/6.x/thumbs/png?size=64&seed=User99,https://api.dicebear.com/6.x/adventurer/png?size=512&seed=User99
u0100,v3.2.2,Samsung S22,Hyderabad,ta,https://api.dicebear.com/6.x/thumbs/png?size=64&seed=User100,https://api.dicebear.com/6.x/adventurer/png?size=512&seed=User100
